coin_id,priority_score,binance,bybit,kucoin,networks,alternative_exchanges
tether,10.6381,True,True,True,"aptos, avalanche, celo, ethereum, kava, klay-token, near-protocol, solana, terra-2, the-open-network, tron","ascendex (bitmax), biconomy.com, bigone, bingx, bitdelta, bitget, bitmart, bitrue, bitunix, bvox, coinstore, coinup.io, coinw, crypto.com exchange, deepcoin, digifinex, gate, grovex, hibt, hotcoin, htx, kcex, kraken, latoken, lbank, mexc, okx, ourbit, p2b, pionex, slex, tapbit, toobit, weex, xt.com, zoomex"
bitcoin,10.9085,True,True,True,bitcoin,"ascendex (bitmax), biconomy.com, bigone, bingx, bit2me, bitbank, bitdelta, bitfinex, bitflyer, bitget, bitkan, bitmart, bitrue, bitstamp, bitunix, bitvavo, blofin, btse, bullish, bvox, bydfi, coinbase exchange, coincatch, coincheck, coinex, coinstore, coinup.io, coinw, crypto.com exchange, dex-trade, digifinex, fmfw.io, gate, gemini, grovex, hashkey exchange, hibt, htx, kcex, kraken, latoken, lbank, mexc, okj, okx, ourbit, p2b, phemex, pionex, qmall, slex, tapbit, toobit, tothemoon, weex, whitebit, xt.com, zoomex"
ethereum,10.5506,True,True,True,ethereum,"ascendex (bitmax), azbit, backpack exchange , biconomy.com, bingx, bit2me, bitbank, bitfinex, bitget, bitkan, bitmart, bitrue, bitstamp, bitunix, bitvavo, blofin, btse, bullish, bvox, bydfi, coinbase exchange, coincatch, coinex, coinstore, cointr, coinup.io, coinw, crypto.com exchange, deepcoin, digifinex, fmfw.io, gate, gemini, grovex, hashkey exchange, hibt, hotcoin, htx, kcex, kraken, latoken, lbank, mexc, okx, orangex, ourbit, p2b, phemex, pionex, slex, tapbit, toobit, weex, whitebit, xt.com, zoomex"
usd-coin,10.0093,True,True,True,"algorand, aptos, arbitrum-one, avalanche, base, celo, ethereum, hedera-hashgraph, hyperevm, moonriver, near-protocol, optimistic-ethereum, polkadot, polygon-pos, sei-v2, solana, sonic, stellar, sui, tron, unichain, world-chain, xdc-network, xrp, zksync","azbit, backpack exchange , biconomy.com, bingx, bit2me, bitget, bitrue, bitunix, bullish, coinup.io, coinw, deepcoin, defituna, dex-trade, digifinex, gate, grovex, hotcoin, hyperliquid, kcex, kraken, latoken, lbank, orca, ourbit, p2b, pionex, slex, tapbit, toobit, weex, xt.com"
solana,9.9638,True,True,True,solana,"azbit, backpack exchange , biconomy.com, bingx, bit, bit2me, bitbank, bitfinex, bitget, bitkan, bitmart, bitrue, bitstamp, bitunix, bitvavo, blofin, bullish, bvox, bydfi, coinbase exchange, coincatch, coinex, coinstore, coinw, crypto.com exchange, deepcoin, digifinex, fmfw.io, gate, gemini, gmo japan, grovex, hashkey exchange, hibt, hotcoin, htx, kcex, kraken, latoken, lbank, mexc, okx, ourbit, p2b, phemex, pionex, qmall, slex, tapbit, toobit, weex, whitebit, xt.com, zoomex"
ripple,9.9936,True,True,True,ripple,"ascendex (bitmax), azbit, biconomy.com, bigone, bingx, bit, bit2me, bitbank, bitcastle, bitdelta, bitfinex, bitflyer, bitget, bitkan, bitkub, bitrue, bitstamp, bitunix, bitvavo, blofin, bullish, bvox, bydfi, cex.io, coinbase exchange, coincatch, coinex, coinstore, cointr, coinup.io, coinw, crypto.com exchange, deepcoin, digifinex, earnbit, fmfw.io, gate, gemini, gmo japan, grovex, hibt, hotcoin, htx, kcex, kraken, lbank, mexc, okx, ourbit, p2b, phemex, pionex, pointpay, tapbit, toobit, trubit, weex, whitebit, xt.com, zoomex"
first-digital-usd,8.9502,True,False,False,"arbitrum-one, binance-smart-chain, ethereum, solana, sui, the-open-network","azbit, biconomy.com, bingx, bitunix, gate, hotcoin, meteora, momentum, raydium (clmm), unchain x"
dogecoin,9.5114,True,True,True,dogecoin,"ascendex (bitmax), azbit, biconomy.com, bigone, bingx, bit, bit2me, bitbank, bitcastle, bitfinex, bitget, bitkan, bitkub, bitopro, bitrue, bitso, bitstamp, bitunix, bitvavo, blofin, bullish, bvox, bydfi, coinbase exchange, coincatch, coinex, coinstore, cointr, coinup.io, coinw, crypto.com exchange, deepcoin, dex-trade, digifinex, earnbit, gate, gemini, gmo japan, grovex, hashkey exchange, hibt, hotcoin, htx, icrypex, indodax, kcex, lbank, mercado bitcoin, mexc, okj, okx, phemex, pionex, pointpay, safebit, slex, tapbit, toobit, trubit, weex, whitebit, xt.com, zoomex"
avantis,8.7263,True,True,True,base,"aerodrome (base), aerodrome slipstream, bingx, bitget, bithumb, bitkan, bitmart, bitrue, bitunix, bitvavo, coinbase exchange, coinex, crypto.com exchange, digifinex, gate, hibt, hotcoin, htx, kcex, kraken, mexc, mudrex, omni exchange v3 (base), openocean, orangex, ourbit, pancakeswap v3 (base), phemex, poloniex, tapbit, toobit, tothemoon, uniswap v3 (base), uniswap v4 (base), upbit, xt.com"
binancecoin,9.7721,True,True,True,ethereum,"ascendex (bitmax), azbit, biconomy.com, bingx, bit, bitbank, bitcastle, bitget, bitkan, bitkub, bitrue, bitstorage, bittime, bitunix, bitvavo, blofin, bvox, bydfi, coincatch, coinex, coinstore, cointr, coinup.io, coinw, deepcoin, dex-trade, dexalot, digifinex, emirex, gate, grovex, hibt, hotcoin, htx, kcex, kraken, latoken, lbank, mexc, nami exchange, okx, ourbit, p2b, pancakeswap infinity clmm (bsc), phemex, pionex, pointpay, qmall, slex, tapbit, tokpie, toobit, tothemoon, trubit, weex, xt.com, zoomex"
binance-bridged-usdt-bnb-smart-chain,9.0388,False,False,False,binance-smart-chain,"nomiswap (stable), pancakeswap (stableswap), pancakeswap (v2), pancakeswap infinity clmm (bsc), pancakeswap v1 (bsc), pancakeswap v3 (bsc), squadswap wow (bsc), thena fusion, thena v3, uniswap v3 (bsc), uniswap v4 (bsc)"
cardano,9.3053,True,True,True,cardano,"ascendex (bitmax), azbit, biconomy.com, bingx, bit, bit2me, bitcastle, bitget, bitkan, bitkub, bitmart, bitopro, bitrue, bitso, bitstamp, bitstorage, bitunix, bitvavo, bvox, bydfi, coinbase exchange, coinex, coinstore, cointr, coinup.io, coinw, crypto.com exchange, dex-trade, digifinex, earnbit, fmfw.io, gate, gmo japan, grovex, hibt, hotcoin, htx, icrypex, kcex, kraken, latoken, lbank, mexc, okx, orangex, p2b, phemex, pionex, pointpay, tapbit, toobit, trubit, weex, whitebit, xt.com"
aster-2,8.7739,False,True,False,binance-smart-chain,"aster, biconomy.com, bingx, bitkan, bitmart, bitrue, coinw, gate, hibt, hotcoin, htx, kcex, mexc, omni exchange v3 (bsc), ourbit, pancakeswap (v2), pancakeswap infinity clmm (bsc), pancakeswap v3 (bsc), poloniex, safebit, squadswap dynamo (bsc), uniswap v2 (bsc) , uniswap v3 (bsc), uniswap v4 (bsc), xt.com"
avalanche-2,9.171,True,True,True,avalanche-2,"ascendex (bitmax), azbit, biconomy.com, bigone, bingx, bit, bit2me, bitbank, bitcastle, bitfinex, bitget, bitkan, bitkub, bitmart, bitrue, bitso, bitstamp, bitunix, bitvavo, bullish, bvox, bydfi, cex.io, coinbase exchange, coincatch, coinex, coinstore, cointr, coinup.io, coinw, crypto.com exchange, deepcoin, dex-trade, dexalot, digifinex, earnbit, gate, grovex, hashkey exchange, hotcoin, htx, icrypex, kraken, latoken, lbank, mexc, nonkyc.io, okx, orangex, ourbit, p2b, phemex, pionex, pointpay, safebit, tapbit, toobit, tothemoon, trubit, weex, whitebit, xt.com, zoomex"
sui,9.1595,True,True,True,sui,"ascendex (bitmax), backpack exchange , biconomy.com, bigone, bingx, bit2me, bitbank, bitcastle, bitfinex, bitget, bitkan, bitrue, bitstamp, bitunix, bitvavo, bluefin, bullish, bvox, cetus, cex.io, coinbase exchange, coincatch, coinex, cointr, coinup.io, coinw, crypto.com exchange, dex-trade, digifinex, gate, gate us, grovex, hibt, hotcoin, htx, indodax, kraken, lbank, magma finance, mexc, momentum, okj, okx, orangex, ourbit, phemex, pionex, pointpay, tapbit, toobit, trubit, turbos finance, weex, whitebit, xt.com"
wrapped-solana,4.416,False,False,False,solana,"byreal, defituna, meteora, meteora damm v2, orca, pancakeswap v3 (solana), pumpswap, raydium, raydium (clmm)"
chainlink,9.1958,True,True,True,"abstract, apechain, arbitrum-one, astar, avalanche, base, berachain, binance-smart-chain, bitlayer, blast, bob-network, botanix, bsquared-network, celo, core, corn, cronos, cronos-zkevm, energi, ethereum, etherlink, fantom, fraxtal, harmony-shard-0, hashkey-chain, hedera-hashgraph, hemi, huobi-token, hydration, hyperevm, ink, katana, kroma, lens, linea, lisk, mantle, merlin-chain, metal-l2, metis-andromeda, milkomeda-cardano, mint, mode, monad, moonbeam, moonriver, near-protocol, neo, opbnb, optimistic-ethereum, osmosis, plume-network, polygon-pos, polygon-zkevm, ronin, rootstock, scroll, sei-v2, shibarium, solana, soneium, sonic, sora, starknet, superseed, taiko, unichain, wemix-network, world-chain, x-layer, xdai, zircuit, zksync, zora-network","azbit, biconomy.com, bingx, bit, bit2me, bitget, bitkan, bitmart, bitrue, bitstamp, bitstorage, bitunix, bitvavo, blofin, bullish, bvox, bydfi, cex.io, coinbase exchange, coincatch, coinex, coinstore, cointr, coinup.io, coinw, crypto.com exchange, deepcoin, dex-trade, digifinex, earnbit, gate, gemini, grovex, hibt, hotcoin, htx, icrypex, itbit, kraken, latoken, lbank, mexc, okx, ourbit, p2b, phemex, pionex, pointpay, qmall, safebit, slex, tapbit, tokpie, toobit, uniswap v3 (ethereum), weex, whitebit, xt.com, zoomex"
tron,9.2972,True,True,True,tron,"ascendex (bitmax), azbit, biconomy.com, bigone, bingx, bit, bitcastle, bitcointry, bitdelta, bitget, bitkan, bitkub, bitmart, bitrue, bitso, bitstorage, bitunix, bitvavo, bullish, bvox, bydfi, coinex, coinstore, cointr, coinup.io, coinw, deepcoin, dex-trade, digifinex, emirex, exmo, fameex, fmfw.io, gate, grovex, hotcoin, htx, inex, kcex, lbank, lcx exchange, mexc, nonkyc.io, okj, okx, ourbit, p2b, phemex, pionex, pointpay, qmall, safebit, slex, tapbit, tokpie, toobit, tothemoon, trubit, weex, whitebit, xt.com, zoomex"
openledger-2,8.1996,True,False,True,"binance-smart-chain, ethereum","bigone, bingx, bitget, bithumb, bitkan, bitmart, bitunix, bitvavo, btse, coinex, coinone, crypto.com exchange, digifinex, gate, grovex, hibt, hotcoin, htx, kcex, kraken, lbank, mexc, novadax, orangex, ourbit, pancakeswap v3 (bsc), phemex, probit global, toobit, uniswap v4 (bsc), uniswap v4 (ethereum), upbit"
wbnb,8.4691,False,False,False,binance-smart-chain,"pancakeswap (v2), pancakeswap v1 (bsc), pancakeswap v3 (bsc), squadswap wow (bsc), thena, thena fusion, thena v3, unchain x, uniswap v3 (bsc)"
hyperliquid,9.0308,False,True,True,hyperliquid,"biconomy.com, bigone, binance us, bingx, bitfinex, bitget, bitkan, bitlo, bitmart, bitrue, bitso, bittime, bitunix, bitvavo, blofin, btcc, cex.io, coindcx, coinex, coins.ph, coinup.io, coinw, digifinex, foxbit, gate, giottus, hibt, hitbtc, hotcoin, hyperliquid, icrypex, kcex, korbit, lbank, mercado bitcoin, mexc, mudrex, novadax, ourbit, phemex, safebit, tapbit, weex, woo x, xbo.com, xt.com, zebpay"
world-liberty-financial,8.8907,False,True,True,"binance-smart-chain, ethereum, solana","backpack exchange , biconomy.com, bigone, bingx, bitget, bitkan, bitmart, bitrue, bitunix, blofin, btse, byreal, cex.io, coinbase exchange, coincatch, coinex, coinstore, coinup.io, coinw, crypto.com exchange, digifinex, gate, gemini, grovex, hibt, hotcoin, htx, kcex, kraken, lbank, lcx exchange, meteora, mexc, okx, orangex, orca, ourbit, pancakeswap v3 (bsc), pancakeswap v3 (solana), phemex, pionex, probit global, raydium (clmm), safebit, thena v3, toobit, tothemoon, trubit, uniswap v3 (bsc), uniswap v3 (ethereum), uniswap v4 (bsc), uniswap v4 (ethereum), weex, whitebit, xbo.com, xt.com, zoomex"
pepe,8.8235,True,True,True,"arbitrum-one, avalanche, binance-smart-chain, ethereum","arkham, ascendex (bitmax), azbit, biconomy.com, bigone, bingx, bit, bit2me, bitcointry, bitdelta, bitfinex, bitget, bitkan, bitmart, bitrue, bitso, bitstamp, bittime, bitvavo, blofin, btse, bvox, cex.io, coinbase exchange, coinex, cointr, coinup.io, coinw, crypto.com exchange, deepcoin, dex-trade, digifinex, fameex, foxbit, gate, gemini, grovex, hibt, hotcoin, htx, icrypex, indodax, kcex, kraken, latoken, lbank, mexc, nami exchange, okx, orangex, ourbit, phemex, pionex, poloniex, slex, tapbit, tokocrypto, toobit, tothemoon, uniswap v2 (ethereum), weex, whitebit, xbo.com, xt.com, zoomex"
litecoin,8.9008,True,True,True,litecoin,"azbit, biconomy.com, bigone, bit, bit2me, bitbank, bitcastle, bitexlive, bitget, bitkan, bitrue, bitstamp, bitstorage, bitvavo, bullish, bvox, bydfi, coinbase exchange, coinex, coinmetro, cointr, coinup.io, coinw, crypto.com exchange, dex-trade, digifinex, emirex, gate, gemini, grovex, hibt, hotcoin, htx, icrypex, itbit, kraken, latoken, lbank, mexc, okx, p2b, phemex, pointpay, qmall, safebit, slex, tapbit, toobit, tothemoon, trubit, weex, whitebit, xt.com"
ethena-usde,9.0524,False,True,True,"aptos, arbitrum-one, avalanche, base, berachain, binance-smart-chain, blast, ethereum, fraxtal, hyperevm, hyperliquid, kava, linea, manta-pacific, mantle, metis-andromeda, mode, morph-l2, optimistic-ethereum, scroll, solana, swellchain, the-open-network, x-layer, zircuit, zksync","aerodrome slipstream, agni finance, bitget, bitmart, bitunix, camelot v3, curve (ethereum), curve (fraxtal), curve (hyperevm), fluid (arbitrum), gate, gliquid, hx finance, hybra finance v3, hyperliquid, hyperswap v3, kittenswap algebra, kittenswap v3, kodiak v3, laminar, merchant moe liquidity book (mantle), meteora, mexc, orca, pancakeswap v3 (arbitrum), project x, ramses v3 (hyperevm), ston.fi (v2), thruster v3, ultrasolid v3, uniswap v3 (arbitrum one), uniswap v3 (avalanche), uniswap v3 (base), uniswap v3 (ethereum), uniswap v4 (ethereum), velodrome finance v2 (swellchain)"
ethena,8.7668,True,True,True,"arbitrum-one, avalanche, base, blast, ethereum, fraxtal, kava, manta-pacific, mantle, metis-andromeda, mode, morph-l2, optimistic-ethereum, scroll, swellchain, the-open-network, zircuit, zksync","aerodrome slipstream, arkham, ascendex (bitmax), backpack exchange , bigone, binance us, bingx, bitdelta, bitfinex, bitget, bitkan, bitkub, bitlo, bitmart, bitrue, bittime, bitunix, bitvavo, blofin, btse, bvox, cex.io, coinbase exchange, coinex, coins.ph, cointr, coinup.io, coinw, crypto.com exchange, digifinex, gate, grovex, hibt, hotcoin, htx, icrypex, kcex, kraken, lbank, lcx exchange, mercado bitcoin, mexc, nami exchange, okx, orangex, ourbit, phemex, pionex, pointpay, tapbit, tokocrypto, toobit, uniswap v3 (ethereum), uniswap v4 (ethereum), websea, weex, whitebit, woo x, xt.com, young platform, zoomex"
wrapped-avax,8.1398,False,False,False,avalanche,"arena dex, balancer v2 (avalanche), balancer v3 (avalanche), blackhole v2, blackhole v3, lfj, lfj v2.1 (avalanche), lfj v2.2 (avalanche), lydia finance, pangolin, pangolin v3, pharaoh exchange, pharaoh exchange v1, solisnek, sushiswap (avalanche), swapsicle, uniswap v3 (avalanche), vapordex"
usd1-wlfi,8.7112,False,True,True,"binance-smart-chain, ethereum, solana, tron","bitget, bitmart, bitrue, coinup.io, coinw, digifinex, gate, grovex, htx, kcex, kraken, lbank, meteora, mexc, native (bsc), nonkyc.io, orca, pancakeswap infinity clmm (bsc), pancakeswap v3 (bsc), pancakeswap v3 (solana), phemex, raydium (clmm), sunswap v3, trubit, uniswap v3 (bsc), uniswap v3 (ethereum), uniswap v4 (bsc), xt.com"
sun-token,8.3233,True,True,True,tron,"ascendex (bitmax), bingx, bitfinex, bitget, bithumb, bitkan, bitlo, bitmart, bitrue, bitunix, blofin, btcc, bvox, bydfi, changenow, coindcx, coinex, coinone, cointr, coinup.io, coinw, digifinex, exmo, gate, giottus, grovex, hashkey global, hibt, hitbtc, htx, icrypex, indodax, justmoney (tron), kcex, kraken, mercado bitcoin, mexc, mudrex, nami exchange, ourbit, phemex, pointpay, poloniex, safebit, sunswap v2, sunswap v3, tokocrypto, tothemoon, upbit, upbit indonesia , weex, whitebit, xt.com"
arbitrum-bridged-weth-arbitrum-one,8.2733,False,False,False,arbitrum-one,"arbswap, balancer v2 (arbitrum), balancer v3 (arbitrum), camelot, camelot v3, maverick protocol v2 (arbitrum), pancakeswap v3 (arbitrum), ramses v2, spartadex, sushiswap (arbitrum one), sushiswap v3 (arbitrum), uniswap v2 (arbitrum), uniswap v3 (arbitrum one), zyberswap"
bitget-token,8.6313,False,False,False,"ethereum, morph-l2","bitfinex, bitget, bulbaswap v2, changenow, dodo (ethereum), grovex, indodax, mexc, ourbit, uniswap v2 (ethereum)"
arbitrum,8.5932,True,True,True,"arbitrum-nova, arbitrum-one, ethereum","arbswap, biconomy.com, bingx, bit2me, bitbank, bitcointry, bitdelta, bitget, bitkub, bitmart, bitrue, bitso, bittime, bitunix, bitvavo, btse, bvox, bydfi, camelot v3, coinbase exchange, coincatch, coinex, cointr, coinup.io, coinw, curve (arbitrum), dex-trade, digifinex, gate, hashkey global, hotcoin, htx, kraken, lbank, lcx exchange, mexc, nonkyc.io, okj, okx, orangex, ourbit, pancakeswap v3 (arbitrum), phemex, pionex, ramses v2, safebit, slex, spartadex, tanx, tapbit, toobit, tothemoon, trubit, uniswap v2 (arbitrum), uniswap v3 (arbitrum one), uniswap v3 (ethereum), uniswap v4 (arbitrum), weex, whitebit, xt.com, zoomex"
worldcoin-wld,8.6243,True,True,True,"ethereum, optimistic-ethereum, world-chain","ascendex (bitmax), azbit, biconomy.com, bingx, bit, bit2me, bitazza, bitcastle, bitdelta, bitget, bitkan, bitkub, bitmart, bitrue, bittime, bitunix, bitvavo, blofin, btse, bydfi, cex.io, coinbase exchange, coincatch, coinex, coins.ph, cointr, coinup.io, coinw, crypto.com exchange, deepcoin, digifinex, fameex, gate, grovex, hata, hibt, hotcoin, htx, icrypex, kcex, kraken, latoken, lcx exchange, mercado bitcoin, mexc, nami exchange, okx, orangex, ourbit, phemex, pionex, pointpay, tapbit, tokocrypto, toobit, trubit, uniswap v3 (ethereum), uniswap v3 (optimism), uniswap v3 (world chain), uniswap v4 (ethereum), uniswap v4 (world chain), velodrome slipstream (optimism), vindax, weex, woo x, xbo.com, xt.com, zondacrypto, zoomex"
uniswap,8.7384,True,True,True,"arbitrum-one, avalanche, binance-smart-chain, energi, ethereum, harmony-shard-0, huobi-token, near-protocol, optimistic-ethereum, polygon-pos, sora, unichain, xdai","azbit, biconomy.com, bigone, bingx, bit, bit2me, bitazza, bitcastle, bitdelta, bitfinex, bitget, bitkan, bitkub, bitmart, bitrue, bitso, bitstamp, bitunix, bitvavo, btse, bullish, bvox, bydfi, coinbase exchange, coincatch, coinex, coinstore, cointr, coinup.io, coinw, crypto.com exchange, dex-trade, digifinex, earnbit, exmo, gate, gemini, grovex, hibt, hotcoin, htx, icrypex, itbit, kraken, latoken, lbank, lcx exchange, mercado bitcoin, mexc, nonkyc.io, okx, orangex, ourbit, phemex, pionex, pointpay, safebit, tapbit, tokpie, toobit, tothemoon, trubit, uniswap v3 (ethereum), uniswap v4 (unichain), weex, whitebit, xt.com, zoomex"
polkadot,8.7541,True,True,True,"arbitrum-one, base, binance-smart-chain, ethereum, optimistic-ethereum","azbit, biconomy.com, bigone, binance us, bingx, bit, bit2me, bitazza, bitbank, bitcastle, bitcointry, bitdelta, bitget, bitkan, bitkub, bitmart, bitrue, bitso, bitstamp, bitstorage, bitunix, bitvavo, btcbox, bullish, bvox, bydfi, coinbase exchange, coincatch, coinex, coinstore, cointr, coinup.io, coinw, crypto.com exchange, dex-trade, digifinex, emirex, gate, gemini, gmo japan, grovex, hibt, hotcoin, htx, kraken, latoken, lcx exchange, mexc, okj, okx, p2b, phemex, pionex, pointpay, qmall, safebit, tapbit, tothemoon, trubit, weex, whitebit, xt.com, zondacrypto"
bnb48-club-token,7.9119,False,False,False,binance-smart-chain,"dodo (bsc), pancakeswap (v2), pancakeswap infinity clmm (bsc), pancakeswap v3 (bsc), uniswap v3 (bsc), uniswap v4 (bsc)"
wrapped-bitcoin,8.9655,True,True,False,"aptos, avalanche, base, berachain, binance-smart-chain, bob-network, ethereum, optimistic-ethereum, osmosis, sei-v2, solana, soneium, sonic, swellchain, telos, unichain","aerodrome slipstream, atlantis, azbit, bex, bitrue, blackhole v3, bullish, defive, dexalot, digifinex, dragonswap v2, hyperion, kodiak v3, kraken, kura v3, kyo finance v3, lfj v2.2 (avalanche), metropolis dlmm (sonic), mexc, native, osmosis, pancakeswap v3 (bsc), phemex, pionex, sailor, shadow exchange, sonex, sushiswap v3 (optimism), swapx algebra, tokpie, uniswap v3 (base), uniswap v3 (bsc), uniswap v3 (ethereum), uniswap v3 (optimism), uniswap v4 (base), uniswap v4 (ethereum), uniswap v4 (optimism), uniswap v4 (unichain), velodrome finance slipstream (unichain), velodrome slipstream (optimism), yaka finance v3"
pudgy-penguins,8.5416,True,True,True,"abstract, binance-smart-chain, ethereum, hyperevm, solana","azbit, backpack exchange , biconomy.com, bigone, bingx, bit2me, bitget, bitkan, bitmart, bitrue, bitstamp, bittime, bitunix, bitvavo, blofin, btse, bvox, bydfi, coinbase exchange, coinex, coinup.io, coinw, crypto.com exchange, deepcoin, dex-trade, digifinex, gate, gemini, grovex, hibt, hotcoin, htx, hyperswap v3, icrypex, kcex, kraken, lbank, lcx exchange, meteora, mexc, nami exchange, okx, orangex, orca, ourbit, pancakeswap v3 (solana), phemex, pumpswap, raydium, raydium (clmm), slex, tapbit, tokocrypto, toobit, tothemoon, uniswap v2 (abstract), uniswap v3 (abstract), valr, websea, weex, whitebit, woo x, xbo.com, xt.com"
near,8.6053,True,True,True,ethereum,"ascendex (bitmax), azbit, biconomy.com, binance us, bingx, biswap, bit2me, bitazza, bitcastle, bitcointry, bitdelta, bitfinex, bitget, bitkan, bitkub, bitmart, bitrue, bitso, bitstamp, bitunix, bitvavo, btse, bullish, bvox, bydfi, coinbase exchange, coincatch, coinex, cointr, coinup.io, coinw, crypto.com exchange, deepcoin, dex-trade, digifinex, exmo, fameex, gate, hibt, hotcoin, htx, icrypex, indodax, kraken, latoken, lbank, mercado bitcoin, mexc, okx, ourbit, phemex, pointpay, qmall, sushiswap, tapbit, toobit, tothemoon, trubit, uniswap v3 (ethereum), weex, whitebit, xt.com"
linea,8.2489,True,True,True,"ethereum, linea","ascendex (bitmax), bilaxy, bingx, bitget, bithumb, bitkan, bitkub, bitmart, bitrue, blofin, coinex, coinw, crypto.com exchange, digifinex, etherex, etherex legacy , exmo, gate, hibt, hotcoin, htx, iziswap (linea), kcex, kraken, lbank, lynex, mexc, mudrex, novadax, okx, orangex, ourbit, pancakeswap v3 (ethereum), pancakeswap v3 (linea), paribu, phemex, sushiswap v3 (linea), syncswap v2.1 (linea), tapbit, toobit, uniswap v3 (ethereum), uniswap v4 (ethereum), upbit, whitebit, xbo.com, xt.com"
bonk,8.4718,True,True,True,"aptos, arbitrum-one, binance-smart-chain, ethereum, neon-evm, polygon-pos, solana, unichain","arkham, ascendex (bitmax), backpack exchange , biconomy.com, bigone, binance us, bingx, bit2me, bitazza, bitfinex, bitget, bitkan, bitmart, bitrue, bitstamp, bitvavo, blofin, btse, bvox, cex.io, coinbase exchange, coinex, coins.ph, cointr, coinup.io, coinw, crypto.com exchange, dex-trade, digifinex, foxbit, gate, gemini, grovex, hibt, hotcoin, htx, indodax, kcex, kraken, lbank, mercado bitcoin, meteora, mexc, nami exchange, okx, orangex, orca, ourbit, p2b, pancakeswap v3 (solana), pionex, raydium (clmm), saros amm, slex, tapbit, tokocrypto, toobit, tothemoon, trubit, uniswap v3 (ethereum), weex, whitebit, woo x, xbo.com, xt.com, zoomex"
pumpbtc-2,7.5832,False,True,False,binance-smart-chain,"bingx, bitget, bithumb, bitkan, blofin, changenow, coinex, digifinex, fameex, gate, hotcoin, kcex, lbank, mexc, mudrex, novadax, orangex, ourbit, pancakeswap v3 (bsc), phemex, uniswap v3 (bsc)"
wrapped-bitcoin,8.9296,True,True,False,"aptos, avalanche, base, berachain, binance-smart-chain, bob-network, ethereum, optimistic-ethereum, osmosis, sei-v2, solana, soneium, sonic, swellchain, telos, unichain","aerodrome slipstream, atlantis, azbit, bex, bingx, bitrue, blackhole v3, bullish, defive, dexalot, digifinex, dragonswap v2, hyperion, kodiak v3, kraken, kura v3, kyo finance v3, lfj v2.2 (avalanche), metropolis dlmm (sonic), mexc, native, osmosis, pancakeswap v3 (bsc), phemex, pionex, qmall, sailor, shadow exchange, sonex, sushiswap v3 (optimism), swapx algebra, tokpie, uniswap v3 (base), uniswap v3 (bsc), uniswap v3 (ethereum), uniswap v3 (optimism), uniswap v4 (base), uniswap v4 (ethereum), uniswap v4 (optimism), uniswap v4 (unichain), velodrome finance slipstream (unichain), velodrome slipstream (optimism)"
shiba-inu,8.6887,True,True,True,ethereum,"ascendex (bitmax), azbit, biconomy.com, binance us, bingx, bit, bit2me, bitazza, bitfinex, bitget, bitkan, bitmart, bitrue, bitso, bitstamp, bitstorage, bitvavo, blofin, btse, bvox, bydfi, cex.io, coinbase exchange, coincatch, coinex, cointr, coinup.io, coinw, coinzoom, crypto.com exchange, deepcoin, dex-trade, digifinex, fmfw.io, gate, gemini, grovex, hibt, hotcoin, htx, icrypex, kcex, kraken, latoken, lbank, mexc, nami exchange, nonkyc.io, okx, orangex, ourbit, p2b, phemex, pionex, safebit, shibaswap (ethereum), slex, tapbit, tokocrypto, toobit, trubit, weex, whitebit, xbo.com, zoomex"
ai16z,7.7844,False,True,True,solana,"ascendex (bitmax), azbit, biconomy.com, bingx, bit2me, bitget, bithumb, bitkan, bitlo, bitmart, bitrue, bittime, blofin, btcc, btse, bvox, bydfi, cex.io, coindcx, coinex, coinone, cointr, coinup.io, coinw, crypto.com exchange, digifinex, exmo, foxbit, gate, grovex, hibt, hotcoin, htx, kcex, korbit, kraken, lbank, lcx exchange, mercado bitcoin, meteora, mexc, novadax, orangex, orca, phemex, pionex, raydium, raydium (clmm), slex, tapbit, toobit, weex, xt.com"
story-2,8.639,False,True,True,story-2,"bingx, bitget, bithumb, bitkan, bitmart, bitrue, bitvavo, blofin, cex.io, coinbase exchange, coindcx, coinex, coinone, coinup.io, coinw, crypto.com exchange, digifinex, gate, hotcoin, htx, koinpark, kraken, lbank, mexc, okx, ourbit, phemex, tapbit, upbit, weex, xbo.com, xt.com"
stellar,8.804,True,True,True,stellar,"azbit, binance us, bingx, bit2me, bitbank, bitfinex, bitflyer, bitget, bitkan, bitkub, bitmart, bitrue, bitso, bitstamp, bittrade, bitunix, bitvavo, blofin, bvox, bydfi, cex.io, coinbase exchange, coinex, coinmetro, cointr, coinup.io, coinw, crypto.com exchange, dex-trade, digifinex, earnbit, emirex, fameex, fastex, fmfw.io, foxbit, gate, hibt, hotcoin, htx, icrypex, kcex, kraken, latoken, lbank, mercado bitcoin, mexc, nami exchange, okx, ourbit, p2b, phemex, pionex, pointpay, poloniex, qmall, tapbit, tokocrypto, toobit, tothemoon, trubit, vvs finance, weex, whitebit, woo x, xbo.com, xt.com"
hedera-hashgraph,8.7499,True,True,True,hedera-hashgraph,"azbit, binance us, bingx, bit2me, bitazza, bitdelta, bitget, bithumb, bitkan, bitlo, bitmart, bitrue, bitstamp, bittime, bitvavo, btcc, btcmarkets, btcturk | kripto, bvox, bydfi, cex.io, coinbase exchange, coindcx, coinex, coinmetro, coinone, coinzoom, crypto.com exchange, dex-trade, digifinex, energiswap, fmfw.io, gate, hibt, hitbtc, hotcoin, htx, indodax, kcex, korbit, kraken, latoken, lbank, lcx exchange, mercado bitcoin, metal x, mexc, mudrex, nami exchange, okx, phemex, pionex, safebit, tokenize, tokocrypto, toobit, upbit, weex, whitebit, woo x, xbo.com, xt.com"
the-open-network,8.7311,True,True,True,"binance-smart-chain, ethereum, the-open-network","azbit, biconomy.com, bigone, bingx, bit, bit2me, bitcastle, bitget, bitkan, bitmart, bitstorage, bitunix, bitvavo, blofin, btse, bullish, bvox, cex.io, coinex, coinup.io, coinw, crypto.com exchange, dedust, dex-trade, digifinex, exmo, fastex, gate, grovex, hibt, hotcoin, htx, kcex, kraken, lbank, mexc, nami exchange, nonkyc.io, okx, orangex, ourbit, pancakeswap v3 (bsc), phemex, pionex, pointpay, secondbtc, slex, ston.fi, ston.fi (v2), tapbit, tokocrypto, tokpie, toobit, tothemoon, trubit, uniswap v3 (ethereum), weex, whitebit, xt.com"
story-2,8.639,False,True,True,story-2,"bingx, bitget, bithumb, bitkan, bitmart, bitrue, bitvavo, blofin, cex.io, coinbase exchange, coindcx, coinex, coinone, coinup.io, coinw, crypto.com exchange, digifinex, gate, hotcoin, htx, koinpark, kraken, lbank, mexc, okx, ourbit, phemex, tapbit, upbit, weex, xbo.com, xt.com"
the-open-network,8.7353,True,True,True,"binance-smart-chain, ethereum, the-open-network","ascendex (bitmax), azbit, biconomy.com, bigone, biswap, bit, bit2me, bitcastle, bitget, bitkan, bitmart, bitstorage, bitunix, bitvavo, btse, bullish, cex.io, coinex, coins.ph, cointr, coinup.io, coinw, dedust, dex-trade, digifinex, exmo, fastex, gate, grovex, hibt, hotcoin, htx, kcex, kraken, lbank, mexc, nami exchange, nonkyc.io, okx, orangex, ourbit, pancakeswap (v2), pancakeswap v3 (bsc), phemex, pionex, pointpay, secondbtc, slex, ston.fi, ston.fi (v2), tapbit, tokocrypto, tokpie, toobit, tothemoon, trubit, uniswap v3 (ethereum), weex, whitebit, xt.com"
dogwifcoin,8.2685,True,True,True,"solana, unichain","arkham, ascendex (bitmax), azbit, biconomy.com, bingx, bit2me, bitdelta, bitfinex, bitget, bitkan, bitmart, bitrue, bitstamp, bittime, bitunix, bitvavo, blofin, btse, bvox, cex.io, coinbase exchange, coincatch, coinex, coins.ph, coinstore, cointr, coinup.io, coinw, crypto.com exchange, dex-trade, digifinex, digitalexchange.id, fameex, gate, gemini, grovex, hibt, hotcoin, htx, icrypex, indodax, kcex, kraken, lbank, mexc, nami exchange, okx, orangex, orca, ourbit, pancakeswap v3 (solana), phemex, pionex, pointpay, raydium, safebit, slex, tapbit, tokocrypto, toobit, tothemoon, weex, whitebit, woo x, xbo.com, xt.com, zoomex"
quq,4.0238,False,False,False,binance-smart-chain,"pancakeswap v3 (bsc), uniswap v3 (bsc)"
world-of-dypians,7.522,False,False,True,binance-smart-chain,"bingx, bitkan, blofin, bvox, gate, hibt, kcex, mexc, pancakeswap v3 (bsc), phemex, toobit, uniswap v3 (bsc), uniswap v4 (bsc)"
optimism,8.2791,True,True,True,optimistic-ethereum,"ascendex (bitmax), biconomy.com, bigone, binance us, bingx, bit2me, bitazza, bitbank, bitcointry, bitget, bitkan, bitkub, bitmart, bitrue, bittime, bitunix, bitvavo, btse, bvox, bydfi, coinbase exchange, coincatch, coinex, cointr, coinw, dex-trade, digifinex, gate, gemini, hashkey global, hotcoin, htx, kcex, kraken, lbank, mercado bitcoin, mexc, okx, omni exchange v3 (optimism) , orangex, ourbit, safebit, sushiswap v3 (optimism), tapbit, toobit, trubit, uniswap v3 (optimism), uniswap v4 (optimism), velodrome finance, velodrome finance v2 (optimism), velodrome slipstream (optimism), weex, whitebit, xt.com, zoomex"
ondo-finance,8.4667,True,True,True,ethereum,"arkham, ascendex (bitmax), backpack exchange , biconomy.com, bigone, bingx, bitget, bitkan, bitkub, bitlo, bitmart, bitrue, bitso, bitstamp, bittime, bitunix, bitvavo, blofin, btcc, btcmarkets, bvox, cex.io, coinbase exchange, coincatch, coinex, cointr, coinup.io, coinw, crypto.com exchange, deepcoin, dex-trade, digifinex, fameex, gate, grovex, hibt, hotcoin, htx, inex, kanga, kcex, kraken, lbank, mercado bitcoin, mexc, nami exchange, niza.io, novadax, okx, orangex, ourbit, phemex, pionex, pointpay, tapbit, tokocrypto, toobit, tothemoon, trubit, uniswap v3 (ethereum), uniswap v4 (ethereum), upbit, websea, weex, whitebit, woo x, xbo.com, xt.com, young platform, zoomex"
aevo-exchange,7.7611,True,True,True,ethereum,"ascendex (bitmax), biconomy.com, bilaxy, bingx, bitdelta, bitget, bitkan, bitkub, bitlo, bitmart, bitrue, bittime, bitunix, bitvavo, blofin, btcc, btse, bvox, changenow, coinex, coinone, cointr, coinup.io, coinw, crypto.com exchange, digifinex, gate, giottus, grovex, hibt, hotcoin, htx, indodax, kcex, kraken, latoken, lbank, lcx exchange, mercado bitcoin, mexc, mudrex, nami exchange, novadax, okx, orangex, ourbit, paribu, phemex, pionex, pointpay, poloniex, tapbit, tokenize, tokocrypto, toobit, uniswap v3 (ethereum), uniswap v4 (ethereum), websea, weex, whitebit, woo x, xt.com, zebpay"
fartcoin,8.0551,False,False,True,solana,"arkham, ascendex (bitmax), azbit, bigone, bit2me, bitget, bitkan, bitmart, bitrue, bitstamp, bittime, bitunix, bitvavo, blofin, btse, bvox, cex.io, coinbase exchange, coinex, coinup.io, crypto.com exchange, digifinex, gate, gemini, hibt, hotcoin, htx, hyperliquid, indodax, kcex, kraken, lbank, mercado bitcoin, meteora, mexc, nonkyc.io, novadax, orangex, orca, ourbit, pancakeswap v3 (solana), phemex, pumpswap, raydium, raydium (clmm), tapbit, toobit, websea, weex, woo x, xbo.com, xt.com"
eigenlayer,8.2008,True,True,True,"base, ethereum","aerodrome (base), aerodrome slipstream, arkham, ascendex (bitmax), bigone, bilaxy, binance us, bingx, bit2me, bitazza, bitfinex, bitget, bithumb, bitkan, bitkub, bitlo, bitmart, bitrue, bittime, bitunix, bitvavo, btcc, btcturk | kripto, btse, bvox, bydfi, cex.io, changenow, coinbase exchange, coincatch, coindcx, coinex, coinone, cointr, coinw, crypto.com exchange, curve (ethereum), deepcoin, digifinex, gate, giottus, grovex, hibt, hotcoin, htx, indodax, kcex, korbit, kraken, lbank, lcx exchange, mercado bitcoin, mexc, mudrex, nami exchange, niza.io, novadax, okx, openocean, orangex, ourbit, paribu, phemex, pointpay, poloniex, tapbit, tokocrypto, tothemoon, uniswap v3 (ethereum), uniswap v4 (ethereum), weex, whitebit, woo x, xbo.com, xt.com, zebpay"
ripple-usd,8.1665,False,False,False,"ethereum, xrp","balancer v3 (ethereum), bitget, bitmex, bitso, bitstamp, bullish, curve (ethereum), first ledger, gemini, kraken, mercado bitcoin, sologenic, uniswap v3 (ethereum), valr"
sei-network,8.3145,True,True,True,sei-network,"backpack exchange , bingx, bit2me, bitfinex, bitget, bithumb, bitkan, bitlo, bitmart, bitrue, bitstamp, bittime, bitvavo, blofin, btcc, bvox, bydfi, cex.io, changenow, coinbase exchange, coincatch, coindcx, coinex, coinone, coinstore, cointr, coinup.io, crypto.com exchange, digifinex, digitalexchange.id, fastex, foxbit, gate, giottus, grovex, hibt, hitbtc, hotcoin, htx, kinesis money, korbit, kraken, lbank, lcx exchange, mercado bitcoin, mexc, mudrex, nami exchange, novadax, okj, openocean, orangex, osmosis, ourbit, paribu, phemex, pionex, safebit, tapbit, tokenize, tokocrypto, upbit, weex, whitebit, xbo.com, xt.com, young platform, zebpay"
sonic-3,8.1759,True,True,True,sonic-3,"ascendex (bitmax), bigone, bingx, bitazza, bitdelta, bitfinex, bitget, bitkan, bitlo, bitmart, bitrue, bitso, bittime, bitunix, bitvavo, blofin, btcc, btcturk | kripto, btse, bvox, bydfi, cex.io, coinbase exchange, coincatch, coinex, coinup.io, coinw, crypto.com exchange, dex-trade, digifinex, fameex, fastex, gate, grovex, hibt, hotcoin, htx, icrypex, kanga, kcex, koinpark, kraken, lbank, mexc, mudrex, nami exchange, nonkyc.io, okx, orangex, ourbit, phemex, probit global, tapbit, tokocrypto, toobit, trubit, valr, vindax, weex, whitebit, woo x, xbo.com, xt.com, young platform, zondacrypto, zoomex"
okb,8.4449,False,False,False,"ethereum, okex-chain, sora","bingx, bitkan, bitmart, bitrue, bitunix, bydfi, changenow, coinex, coinw, gate, grovex, hotcoin, indodax, kcex, lbank, mexc, okj, okx, openocean, pionex, poloniex, probit global, qmall, tapbit, uniswap v2 (ethereum), uniswap v3 (ethereum), uniswap v4 (ethereum), websea, xt.com"
bouncebit,7.7481,True,True,True,"ethereum, solana","ascendex (bitmax), bitget, bithumb, bitkan, btcc, btse, coinex, gate, giottus, hotcoin, htx, lbank, mexc, mudrex, nami exchange, novadax, orangex, phemex, pionex, tapbit, tokocrypto, uniswap v3 (ethereum), uniswap v4 (ethereum), weex, whitebit, xt.com"
ethereum-classic,8.3663,True,True,True,ethereum-classic,"ascendex (bitmax), azbit, biconomy.com, bigone, binance us, bingx, bit, bit2me, bitcastle, bitcointry, bitdelta, bitfinex, bitget, bitkan, bitmart, bitrue, bitstamp, bittime, bitvavo, blofin, bvox, bydfi, coinbase exchange, coincatch, coinex, cointr, coinup.io, coinw, crypto.com exchange, deepcoin, dex-trade, digifinex, earnbit, exmo, fameex, gate, grovex, hibt, hotcoin, htx, icrypex, kcex, kraken, latoken, lbank, mexc, nami exchange, nonkyc.io, okx, phemex, pionex, pointpay, poloniex, qmall, tapbit, tokocrypto, toobit, trubit, weex, whitebit, woo x, xbo.com, xt.com"
wrapped-tron,3.9888,False,False,False,"bittorrent, energi, ethereum, tron","justmoney (bittorent), justmoney (tron), oraidex, sunswap v2, sunswap v3, uniswap v2 (ethereum), uniswap v3 (ethereum)"
pancakeswap-token,8.1806,True,True,True,"aptos, arbitrum-one, base, binance-smart-chain, ethereum, linea, opbnb, polygon-zkevm, solana, zksync","azbit, biconomy.com, bigone, bingx, biswap, bitazza, bitcastle, bitdelta, bitget, bitkan, bitmart, bitrue, bittime, bitunix, bitvavo, btse, bvox, bydfi, coinbase exchange, coinex, coinstore, cointr, coinup.io, coinw, dex-trade, fmfw.io, gate, grovex, hibt, hotcoin, htx, icrypex, kraken, latoken, lbank, mexc, nonkyc.io, orangex, ourbit, pancakeswap (v2), pancakeswap infinity clmm (bsc), pancakeswap v1 (bsc), pancakeswap v3 (arbitrum), pancakeswap v3 (base), pancakeswap v3 (bsc), pancakeswap v3 (ethereum), pancakeswap v3 (solana), phemex, pionex, pointpay, qmall, tapbit, tokpie, toobit, tothemoon, trubit, uniswap v3 (bsc), uniswap v4 (bsc), weex, whitebit, xt.com, zoomex"
tutorial,7.6444,True,False,True,binance-smart-chain,"azbit, bingx, bitget, bitkan, bitmart, bitrue, bitunix, btse, bvox, coinex, fameex, gate, hibt, htx, lbank, mexc, nami exchange, novadax, ourbit, pancakeswap (v2), pancakeswap v3 (bsc), phemex, poloniex, tapbit, toobit, weex, xt.com"
pax-gold,8.2291,True,False,True,ethereum,"ascendex (bitmax), azbit, balancer v3 (ethereum), binance us, bingx, bitazza, bitget, bithumb, bitlo, bitmart, bitrue, bitso, bittime, bitunix, btcc, btcturk | kripto, bullish, bvox, bydfi, cex.io, changenow, coinbase exchange, coindcx, coinex, coinone, coinup.io, coinw, crypto.com exchange, deribit spot, dex-trade, digifinex, gate, gemini, hitbtc, hotcoin, indodax, inx one, itbit, kcex, korbit, kraken, latoken, lbank, mercado bitcoin, mexc, mudrex, nami exchange, niza.io, nonkyc.io, novadax, ourbit, phemex, pionex, tokpie, toobit, tothemoon, trubit, uniswap v2 (ethereum), uniswap v3 (ethereum), uniswap v4 (ethereum), weex, woo x, xt.com"
ether-fi,8.1476,True,True,True,"arbitrum-one, ethereum","arkham, ascendex (bitmax), balancer v3 (ethereum), biconomy.com, bilaxy, bingx, bitdelta, bitget, bithumb, bitkan, bitkub, bitlo, bitmart, bitrue, bittime, bitunix, bitvavo, blofin, btcc, btse, bullish, bvox, camelot v3, cex.io, changenow, coinbase exchange, coindcx, coinex, coinone, cointr, coinw, crypto.com exchange, curve (ethereum), deepcoin, digifinex, digitalexchange.id, gate, grovex, hibt, hotcoin, htx, indodax, kcex, korbit, kraken, latoken, lbank, lcx exchange, mercado bitcoin, mexc, mudrex, nami exchange, novadax, okx, orangex, ourbit, pancakeswap v3 (arbitrum), paribu, phemex, pionex, poloniex, tapbit, tokenize, tokocrypto, uniswap v3 (arbitrum one), uniswap v3 (ethereum), uniswap v4 (arbitrum), uniswap v4 (ethereum), upbit, websea, weex, whitebit, woo x, xt.com, zoomex"
somnia,7.7916,True,True,True,somnia,"bingx, bitget, bitkan, bitmart, bitrue, bitunix, bitvavo, coinex, digifinex, gate, grovex, hibt, hotcoin, kcex, lbank, mexc, mudrex, novadax, orangex, ourbit, phemex, tapbit, toobit, tothemoon, xt.com"
pi-network,8.1941,False,False,False,pi-network,"bitget, bitmart, btcc, bvox, cex.io, coinex, cointr, coinup.io, coinw, digifinex, gate, hibt, lbank, mercado bitcoin, mexc, okx, tapbit, xbo.com, xt.com"
binance-bitcoin,4.0272,False,False,False,"binance-smart-chain, harmony-shard-0","apeswap, autoshark finance, babydogeswap, babyswap, bakeryswap, biswap, biswap v3, coinswap, knightswap, mdex bsc, nomiswap, orangedx, orion (bsc), pancakeswap (v2), pancakeswap infinity clmm (bsc), pancakeswap v1 (bsc), pancakeswap v3 (bsc), planet finance, smardex (bsc), thena, thena fusion, thena v3, unchain x, uniswap v3 (bsc), uniswap v4 (bsc)"
arbitrum-bridged-wbtc-arbitrum-one,8.104,False,False,False,arbitrum-one,"arbidex, balancer v2 (arbitrum), camelot, camelot v3, chronos, curve (arbitrum), deltaswap (arbitrum), dodo (arbitrum), lfj v2.1 (arbitrum), mm finance (arbitrum), oreoswap, pancakeswap v3 (arbitrum), ramses v2, smardex (arbitrum), spartadex, sushiswap (arbitrum one), sushiswap v3 (arbitrum), swapr (arbitrum), uniswap v3 (arbitrum one), uniswap v4 (arbitrum)"
orderly-network,7.8121,False,True,True,"arbitrum-one, base, binance-smart-chain, ethereum, optimistic-ethereum, polygon-pos, solana","aerodrome slipstream, bingx, bitget, bithumb, bitkan, bitkub, bitrue, blofin, btse, bvox, camelot v3, coinex, coinone, coinw, gate, hashkey global, hibt, htx, kraken, lbank, meteora, mexc, mudrex, novadax, ourbit, pancakeswap v3 (arbitrum), pancakeswap v3 (bsc), pancakeswap v3 (ethereum), raydium (clmm), tapbit, tothemoon, uniswap v3 (base), valr, weex, woo x, xt.com"
arbitrum-bridged-wbtc-arbitrum-one,8.0933,False,False,False,arbitrum-one,"arbidex, balancer v2 (arbitrum), camelot, camelot v3, chronos, curve (arbitrum), deltaswap (arbitrum), dodo (arbitrum), lfj v2.1 (arbitrum), mm finance (arbitrum), oreoswap, pancakeswap v3 (arbitrum), ramses v2, smardex (arbitrum), spartadex, sushiswap (arbitrum one), sushiswap v3 (arbitrum), swapr (arbitrum), uniswap v3 (arbitrum one), uniswap v4 (arbitrum)"
polygon-ecosystem-token,8.3525,True,True,True,"ethereum, polygon-pos","ascendex (bitmax), azbit, biconomy.com, bigone, bingx, bit2me, bitazza, bitbank, bitcointry, bitdelta, bitget, bitkan, bitkub, bitmart, bitrue, bitso, bitstamp, bittime, bitunix, bitvavo, blofin, btse, bvox, bydfi, cex.io, coinbase exchange, coincatch, coinex, coins.ph, cointr, coinw, cryptal, crypto.com exchange, dex-trade, digifinex, emirex, fameex, foxbit, gate, gemini, hibt, hotcoin, htx, indodax, kcex, kraken, mexc, nami exchange, nonkyc.io, okj, okx, orangex, ourbit, phemex, pointpay, poloniex, slex, tanx, tapbit, tokocrypto, toobit, tothemoon, vindax, weex, whitebit, xbo.com, xt.com, zoomex"
wrapped-tron,3.9816,False,False,False,"bittorrent, energi, ethereum, tron","justmoney (bittorent), justmoney (tron), oraidex, sunswap v2, sunswap v3, uniswap v2 (ethereum), uniswap v3 (ethereum)"
stbl,7.7382,False,False,False,binance-smart-chain,"kcex, kraken, lbank, mexc, ourbit, pancakeswap (v2), pancakeswap infinity clmm (bsc), pancakeswap v3 (bsc), thena v3, uniswap v3 (bsc), uniswap v4 (bsc), xt.com"
gala,8.0336,True,True,True,ethereum,"azbit, biconomy.com, binance us, bingx, bit, bit2me, bitazza, bitbank, bitdelta, bitfinex, bitget, bitkan, bitkub, bitlo, bitmart, bitrue, bitso, bitstamp, bittime, bitunix, blofin, btse, bvox, coincatch, coinex, coinjar exchange, coinmetro, coinstore, cointr, coinup.io, crypto.com exchange, deepcoin, digifinex, earnbit, fameex, fmfw.io, foxbit, gate, gemini, grovex, hibt, hotcoin, htx, icrypex, kanga, kcex, kraken, lbank, mexc, nami exchange, okx, orangex, ourbit, p2b, phemex, pionex, slex, tokocrypto, toobit, uniswap v3 (ethereum), uniswap v4 (ethereum), websea, weex, whitebit, woo x, xbo.com, xt.com, zoomex"
lido-dao,8.1668,True,True,True,"arbitrum-one, ethereum, optimistic-ethereum, polygon-pos","ascendex (bitmax), azbit, biconomy.com, bigone, bingx, bit2me, bitazza, bitcastle, bitdelta, bitfinex, bitget, bitkan, bitkub, bitmart, bitrue, bitso, bittime, bitunix, bitvavo, blofin, btse, bydfi, cex.io, coinbase exchange, coinex, cointr, coinup.io, crypto.com exchange, deepcoin, dex-trade, digifinex, fameex, gate, grovex, hibt, hotcoin, htx, icrypex, inex, kcex, kraken, latoken, lbank, lcx exchange, mercado bitcoin, mexc, nami exchange, okx, orangex, ourbit, p2b, phemex, pionex, pointpay, poloniex, safebit, tanx, tapbit, tokocrypto, toobit, trubit, uniswap v3 (arbitrum one), uniswap v3 (ethereum), uniswap v3 (polygon), uniswap v4 (arbitrum), uniswap v4 (ethereum), uniswap v4 (polygon), velodrome finance v2 (optimism), websea, weex, whitebit, woo x, zoomex"
bittensor,8.3342,True,False,True,bittensor,"bingx, bit2me, bitget, bithumb, bitkan, bitlo, bitmart, bitrue, bittime, bitvavo, btcc, coinbase exchange, coincatch, coinex, cointr, crypto.com exchange, cube, digifinex, gate, hibt, hotcoin, korbit, kraken, lbank, mercado bitcoin, mexc, mudrex, nami exchange, novadax, ourbit, phemex, pionex, tapbit, tokocrypto, weex, whitebit, xbo.com, xt.com, young platform"
virtual-protocol,8.1061,True,True,True,"base, ethereum, solana","aerodrome (base), aerodrome slipstream, alien base v3, biconomy.com, bingx, bit2me, bitcastle, bitget, bithumb, bitkan, bitkub, bitso, bittime, bitunix, bitvavo, btse, bvox, coinex, coinone, cointr, coinup.io, coinw, digifinex, exmo, gate, grovex, hibt, hotcoin, htx, kraken, lbank, lcx exchange, mercado bitcoin, meteora, mexc, orangex, ourbit, pancakeswap v3 (base), phemex, slex, tapbit, tothemoon, uniswap v2 (base), uniswap v3 (base), uniswap v3 (ethereum), uniswap v4 (base), upbit, weex, whitebit, xbo.com, xt.com, zoomex"
injective-protocol,8.2076,True,True,True,"binance-smart-chain, cosmos, ethereum, osmosis, secret, terra-2","ascendex (bitmax), bingx, bit2me, bitcastle, bitcointry, bitdelta, bitget, bitlo, bitmart, bitrue, bittime, bitunix, bitvavo, blofin, btse, bvox, bydfi, cex.io, coinbase exchange, coincatch, coinex, cointr, coinup.io, coinw, crypto.com exchange, deepcoin, dex-trade, digifinex, gate, gemini, grovex, helix, hibt, hotcoin, htx, icrypex, kanga, kcex, koinpark, kraken, latoken, lbank, mexc, nami exchange, okx, orion (bsc), osmosis, pancakeswap v1 (bsc), pancakeswap v3 (bsc), phemex, pionex, pointpay, qmall, safebit, slex, sushiswap, tapbit, tokocrypto, toobit, uniswap v3 (ethereum), uniswap v4 (ethereum), upbit, weex, whitebit, woo x, xbo.com, xt.com, zoomex"
ugold-inc,3.9221,False,False,False,ethereum,"bitmart, lbank, uniswap v3 (ethereum)"
tether-gold,8.2378,False,True,True,ethereum,"ascendex (bitmax), balancer v2, balancer v3 (ethereum), biconomy.com, bigone, bingx, bitcastle, bitdelta, bitfinex, bitget, bitmart, bitrue, bitstorage, bitunix, blofin, bvox, changenow, coindcx, coinex, coins.ph, coinup.io, coinw, dex-trade, digifinex, earnbit, exmo, fameex, foxbit, gate, giottus, hitbtc, hotcoin, htx, icrypex, indodax, kcex, koinbx, kraken, latoken, lcx exchange, mexc, mudrex, niza.io, okx, orangex, ourbit, p2b, pointpay, probit global, tapbit, uniswap v3 (ethereum), uniswap v4 (ethereum), valr, weex, whitebit, xbo.com, xt.com, zoomex"
cosmos,8.2883,True,True,True,"archway, binance-smart-chain, canto, cosmos, evmos, kava, mantra, osmosis, terra-2","ascendex (bitmax), astroport (neutron), biconomy.com, bigone, binance us, bingx, biswap, bit2me, bitazza, bitcastle, bitcointry, bitdelta, bitmart, bitrue, bitso, bitstorage, bittime, btse, bvox, bydfi, coinbase exchange, coincatch, coinex, cointr, coinup.io, coinw, crypto.com exchange, dex-trade, digifinex, gate, gmo japan, grovex, helix, hibt, hotcoin, htx, kraken, latoken, lbank, mexc, okx, orangex, osmosis, p2b, pancakeswap v3 (bsc), pionex, pointpay, safebit, tapbit, tothemoon, trubit, uniswap v3 (bsc), vvs finance, wagmi (kava), weex, whitebit, xt.com"
pop-2,7.1949,False,False,True,binance-smart-chain,"kcex, mexc, ourbit, pancakeswap v3 (bsc), xt.com"
celestia,8.1723,True,True,True,"cosmos, osmosis, secret","ascendex (bitmax), astroport (neutron), bingx, bit2me, bitazza, bitfinex, bitget, bitkan, bitkub, bitlo, bitmart, bitrue, bittime, blofin, btcc, btcturk | kripto, btse, bvox, bydfi, cex.io, coinbase exchange, coincatch, coinex, coinstore, coinup.io, coinw, crypto.com exchange, digifinex, fameex, fastex, foxbit, gate, helix, hibt, hotcoin, htx, kcex, kraken, lbank, mercado bitcoin, mexc, mudrex, nami exchange, novadax, okx, orangex, osmosis, ourbit, paribu, phemex, pionex, safebit, tapbit, tokocrypto, websea, weex, whitebit, woo x, xbo.com, xt.com, young platform, zondacrypto"
avalanche-bridged-weth-avalanche,7.6547,False,False,False,avalanche,"blackhole v2, blackhole v3, dodo (avalanche), kyberswap classic (avalanche), lfj, lfj v2, lfj v2.1 (avalanche), lfj v2.2 (avalanche), lydia finance, pangolin, pangolin v3, pharaoh exchange, sushiswap (avalanche), uniswap v3 (avalanche), uniswap v4 (avalanche)"
trust-wallet-token,8.0259,True,True,True,"binance-smart-chain, binancecoin, energi","apeswap, azbit, biconomy.com, bilaxy, bingx, biswap, biswap v3, bitbns, bitcastle, bitget, bitkub, bitmart, bitrue, bittime, bitvavo, blofin, btcc, bvox, bydfi, cex.io, changenow, coincatch, coindcx, coinex, coinone, cointr, coinup.io, deepcoin, dex-trade, digifinex, energiswap, gate, giottus, grovex, hibt, hitbtc, julswap, kcex, koinpark, latoken, lbank, localtrade, melegaswap, mexc, mudrex, nami exchange, novadax, openocean, ourbit, p2b, pancakeswap (v2), pancakeswap v1 (bsc), pancakeswap v3 (bsc), phemex, pionex, pointpay, qmall, tapbit, thorchain, thorwallet dex, tokocrypto, toobit, tothemoon, trubit, uniswap v3 (bsc), uniswap v4 (bsc), vindax, weex, xt.com"
mantra-dao,7.7528,True,True,True,"base, binance-smart-chain, cosmos, ethereum, mantra, osmosis, polygon-pos, stargaze","ascendex (bitmax), azbit, bingx, bit2me, bitdelta, bitget, bithumb, bitkan, bitlo, bitmart, bitrue, bittime, bitunix, bitvavo, blofin, btcc, btcturk | kripto, btse, bvox, bydfi, cex.io, coindcx, coinex, coinone, cointr, coinup.io, coinw, crypto.com exchange, dfyn, digifinex, digitalexchange.id, exmo, fmfw.io, foxbit, gate, giottus, grovex, hibt, hitbtc, hotcoin, htx, indodax, kcex, koinpark, kraken, latoken, lbank, mantra swap, mercado bitcoin, mexc, mudrex, nami exchange, novadax, okx, osmosis, ourbit, pancakeswap (v2), pancakeswap v3 (bsc), phemex, pionex, poloniex, quickswap, slex, squadswap dynamo (bsc), tapbit, tokocrypto, toobit, tothemoon, uniswap v2 (ethereum), uniswap v3 (ethereum), uniswap v3 (polygon), uniswap v4 (ethereum), upbit, websea, weex, whitebit, xt.com, zebpay"
crypto-com-chain,8.4013,False,False,True,ethereum,"ascendex (bitmax), azbit, bingx, bitget, bithumb, bitmart, bitunix, bitvavo, cex.io, changenow, coinbase exchange, coincatch, coinex, coinone, cointr, coinup.io, crypto.com exchange, digifinex, fameex, fastex, fmfw.io, gate, gate us, giottus, grovex, hitbtc, indodax, kcex, koinbx, kraken, latoken, lbank, mexc, novadax, okx, phemex, pionex, probit global, uniswap v4 (ethereum), upbit, upbit indonesia , xt.com"
floki,8.0784,True,True,True,"binance-smart-chain, ethereum","arkham, ascendex (bitmax), biconomy.com, bigone, binance us, bingx, biswap, bit, bitazza, bitcointry, bitfinex, bitget, bitkan, bitlo, bitrue, bitso, bitstamp, bittime, bitvavo, blofin, btse, bvox, bydfi, cex.io, coinbase exchange, coincatch, coinex, coins.ph, cointr, coinup.io, coinw, crypto.com exchange, deepcoin, dex-trade, digifinex, earnbit, gate, gemini, grovex, hibt, hotcoin, htx, kanga, kcex, kraken, latoken, lbank, mercado bitcoin, mexc, nami exchange, novadax, okx, ourbit, pancakeswap (v2), pionex, pointpay, poloniex, safebit, slex, tapbit, tinyman, tokocrypto, toobit, trubit, uniswap v2 (ethereum), uniswap v3 (ethereum), weex, whitebit, xbo.com, xt.com, zoomex"
wormhole,7.9641,True,True,True,"arbitrum-one, base, ethereum, solana","aerodrome (base), aerodrome slipstream, ascendex (bitmax), backpack exchange , biconomy.com, bingx, bitget, bitkan, bitkub, bitlo, bitmart, bittime, bitunix, bitvavo, blofin, btcc, btcturk | kripto, btse, bvox, bydfi, cex.io, coinbase exchange, coinex, cointr, coinw, crypto.com exchange, digifinex, gate, grovex, hibt, hotcoin, htx, kanga, kcex, koinpark, kraken, latoken, lbank, lcx exchange, meteora, mexc, nami exchange, niza.io, okx, orangex, orca, ourbit, pancakeswap v3 (solana), paribu, phemex, pionex, pumpswap, raydium, raydium (clmm), tapbit, tokocrypto, toobit, uniswap v3 (arbitrum one), uniswap v3 (base), uniswap v3 (ethereum), uniswap v4 (ethereum), upbit, websea, weex, whitebit, woo x, xbo.com, xt.com"
river,7.426,False,False,False,"binance-smart-chain, ethereum","bingx, bitget, bitmart, hotcoin, kcex, mexc, ourbit, pancakeswap infinity clmm (bsc), pancakeswap v3 (bsc), uniswap v3 (bsc), uniswap v4 (bsc), uniswap v4 (ethereum)"
render-token,8.25,True,True,True,"ethereum, solana","arkham, ascendex (bitmax), biconomy.com, bingx, bit2me, bitazza, bitbank, bitcastle, bitdelta, bitget, bitkan, bitmart, bitrue, bitso, bitstamp, bittime, bitunix, bitvavo, blofin, bvox, bydfi, cex.io, coinbase exchange, coincatch, coinex, cointr, coinup.io, coinw, crypto.com exchange, deepcoin, dex-trade, digifinex, exmo, fameex, foxbit, gate, hibt, hotcoin, htx, icrypex, kcex, kraken, lbank, mercado bitcoin, meteora, mexc, nami exchange, nonkyc.io, okx, orangex, orca, ourbit, pancakeswap v3 (solana), phemex, pointpay, raydium (clmm), tapbit, tokocrypto, toobit, uniswap v2 (ethereum), uniswap v3 (ethereum), uniswap v4 (ethereum), weex, whitebit, woo x, xbo.com, xt.com, zoomex"
aethir,8.0447,False,True,True,"arbitrum-one, ethereum, solana","ascendex (bitmax), biconomy.com, bigone, bilaxy, bingx, bitfinex, bitget, bithumb, bitkan, bitkub, bitmart, bitrue, bitunix, bitvavo, blofin, btse, bvox, bydfi, changenow, coinbase exchange, coindcx, coinex, coinone, coinstore, coinup.io, coinw, crypto.com exchange, deepcoin, digifinex, fameex, gate, giottus, grovex, hashkey global, hibt, htx, indodax, kcex, korbit, kraken, latoken, lbank, lcx exchange, mercado bitcoin, mexc, mudrex, novadax, okx, openocean, orangex, ourbit, pancakeswap v3 (solana), phemex, pointpay, probit global, tapbit, tokocrypto, toobit, uniswap v3 (arbitrum one), uniswap v3 (ethereum), uniswap v4 (arbitrum), uniswap v4 (ethereum), upbit, upbit indonesia , weex, whitebit, xbo.com, xt.com, zoomex"
paypal-usd,8.2227,False,True,True,"arbitrum-one, ethereum, solana","bingx, bitget, bitstamp, bullish, changenow, crypto.com exchange, cube, curve (ethereum), gate, grovex, hotcoin, htx, icrypex, inx one, kraken, manifest, meteora, okx, orca, pancakeswap v3 (solana), raydium (clmm), saros dlmm, stabble, tokenize, uniswap v3 (ethereum), uniswap v4 (ethereum), valr, weex, xbo.com"
internet-computer,8.2487,True,True,True,"base, ethereum, internet-computer","ascendex (bitmax), biconomy.com, bigone, bingx, bit2me, bitfinex, bitget, bitkan, bitmart, bitrue, bittime, blofin, bydfi, cex.io, coinbase exchange, coincatch, coinex, coinstore, cointr, coinup.io, coinw, crypto.com exchange, deepcoin, digifinex, gate, grovex, hibt, hotcoin, htx, icpswap, kcex, kraken, lbank, localtrade, mexc, nami exchange, okx, phemex, pionex, tapbit, tokocrypto, toobit, weex, whitebit, woo x, xbo.com, xt.com"